[
  {
    "id": "5e6c1c3e-7e2a-488f-b639-3c85823cfcb7",
    "name": "Lightstep",
    "description": "",
    "icon": "http://s3-xmatters-static.s3.amazonaws.com/null/customers/8d580702-986e-4de3-873d-3a75b8073b42/IMAGE__20190806210154205__LightStep-waves-600x600.png",
    "script": "\n/**\n* Parse the request body (which contains a JSON object) and extract the payload data.\n*/\n\nvar parameters = request.parameters;\nparameters.group\n\nvar payload = JSON.parse(request.body);\noutput['Timestamp'] = payload.timestamp;\noutput['Title'] = payload.title;\noutput['Project'] = payload.project.text;\noutput['Saved Search Text'] = payload['saved-search'].text;\noutput['Saved Search URL'] = payload['saved-search'].href;\noutput['Live View URL'] = payload['live-view'].href;\noutput['Event Type'] = payload.payloads[0].type;\noutput['Trigger Type'] = payload.payloads[0].subtitle.text;\noutput['Trigger Value'] = payload.payloads[0]['ls-info'][\"Actual Value\"].ActualValue;\noutput['Expression'] = payload.payloads[0]['ls-infoExpression'];\n\n// Custom Data\n\nvar groups = [];\nif (payload.payloads[0]['custom-data'].group) {\ngroups.push( payload.payloads[0]['custom-data'].group );\n}\nif (parameters.recipients) {\ngroups.push( parameters.recipients);\n}\n\noutput['Group'] = groups.join();\n\n\nif ( payload.payloads[0].exemplars[0]){\noutput['Exemplars01 Start'] = payload.payloads[0].exemplars[0].start;\noutput['Exemplars01 End'] = payload.payloads[0].exemplars[0].end;\noutput['Exemplars01 URL'] = payload.payloads[0].exemplars[0].href;\nvar exemplar01_span = payload.payloads[0].exemplars[0].href;\noutput['Exemplars01 Span ID']  = exemplar01_span.split('trace?span-guid=')[1];\n\n}\nif ( payload.payloads[0].exemplars[1]){\noutput['Exemplars02 Start'] = payload.payloads[0].exemplars[1].start;\noutput['Exemplars02 End'] = payload.payloads[0].exemplars[1].end;\noutput['Exemplars02 URL'] = payload.payloads[0].exemplars[1].href;\nvar exemplar02_span = payload.payloads[0].exemplars[1].href;\noutput['Exemplars02 Span ID'] = exemplar02_span.split('trace?span-guid=')[1];\n}\nif ( payload.payloads[0].exemplars[2]){\noutput['Exemplars03 Start'] = payload.payloads[0].exemplars[2].start;\noutput['Exemplars03 End'] = payload.payloads[0].exemplars[2].end;\noutput['Exemplars03 URL'] = payload.payloads[0].exemplars[2].href;\nvar exemplar03_span = payload.payloads[0].exemplars[2].href;\noutput['Exemplars03 Span ID'] = exemplar03_span.split('trace?span-guid=')[1];\n}\n\n// Add additional output value here.\n// Set in the same way exampled above.\n\n// output['New Output'] = payload['Another value'];",
    "endpointLabel": "",
    "allowedEnvironment": "HOSTED",
    "accessibleByAll": "CanEdit",
    "scriptStepType": "CUSTOM_HTTP",
    "inputs": [],
    "outputs": [
      {
        "id": "8eb1bfa0-a022-4932-9e02-2c9e82bd2fa2",
        "name": "Timestamp",
        "description": "",
        "position": 0
      },
      {
        "id": "e7495862-320e-496c-b17a-26978754ee2a",
        "name": "Title",
        "description": "",
        "position": 1
      },
      {
        "id": "3a31ce8f-7222-42ba-944b-5451f5058129",
        "name": "Severity",
        "description": "",
        "position": 2
      },
      {
        "id": "b3d79afc-a923-47ec-abea-0738742afbfa",
        "name": "Project",
        "description": "",
        "position": 3
      },
      {
        "id": "1b1f5ee2-8de8-4b91-b729-d8fc7be81b75",
        "name": "Saved Search Text",
        "description": "",
        "position": 4
      },
      {
        "id": "2f6d9bc8-d44e-4406-8572-937374cec2f2",
        "name": "Saved Search URL",
        "description": "",
        "position": 5
      },
      {
        "id": "a722159b-921a-48be-a145-3f2f3e812441",
        "name": "Live View URL",
        "description": "",
        "position": 6
      },
      {
        "id": "3fca0aaa-8b23-45b0-861e-8109ee1af386",
        "name": "Event Type",
        "description": "",
        "position": 7
      },
      {
        "id": "2365c16f-5bb4-46ef-a208-cd51da2ed57a",
        "name": "Trigger Type",
        "description": "",
        "position": 8
      },
      {
        "id": "7ef74cde-7b69-486c-9ef5-792ab6dcf1bc",
        "name": "Trigger Value",
        "description": "",
        "position": 9
      },
      {
        "id": "f3b2e1f3-1d1b-4154-ad08-1674b1b5d239",
        "name": "Expression",
        "description": "",
        "position": 10
      },
      {
        "id": "5d393d6d-25db-4fdc-8168-3c27af8c2817",
        "name": "Description",
        "description": "",
        "position": 11
      },
      {
        "id": "d4a44164-e3e0-4772-b985-88b0a278ae27",
        "name": "Group",
        "description": "",
        "position": 12
      },
      {
        "id": "702e4ae1-21c3-415a-9497-b697b8483aed",
        "name": "Exemplars01 Start",
        "description": "",
        "position": 13
      },
      {
        "id": "2291801a-80f6-4c8f-b8dc-bd951018bba9",
        "name": "Exemplars01 End",
        "description": "",
        "position": 14
      },
      {
        "id": "c3e0728f-43b9-4837-914a-fd721e2dd3bb",
        "name": "Exemplars01 URL",
        "description": "",
        "position": 15
      },
      {
        "id": "951892a2-3257-458e-877b-7094867aaea6",
        "name": "Exemplars01 Span ID",
        "description": "",
        "position": 16
      },
      {
        "id": "dbd7b241-f76d-4670-b057-e17626e412d6",
        "name": "Exemplars02 Start",
        "description": "",
        "position": 17
      },
      {
        "id": "ade24352-328c-4008-b48d-cac9ce9c5702",
        "name": "Exemplars02 End",
        "description": "",
        "position": 18
      },
      {
        "id": "e47be193-2e4d-43d2-991c-c5a0ae2b45b4",
        "name": "Exemplars02 URL",
        "description": "",
        "position": 19
      },
      {
        "id": "253be849-126f-4652-b596-5d3a41b61473",
        "name": "Exemplars02 Span ID",
        "description": "",
        "position": 20
      },
      {
        "id": "4168d81b-e007-463c-8fdf-5af6ee525672",
        "name": "Exemplars03 Start",
        "description": "",
        "position": 21
      },
      {
        "id": "a43c3295-d44d-4a9b-85e6-c23c23fcf109",
        "name": "Exemplars03 End",
        "description": "",
        "position": 22
      },
      {
        "id": "83b6321e-5ecb-4d63-8573-e2df0be262a7",
        "name": "Exemplars03 URL",
        "description": "",
        "position": 23
      },
      {
        "id": "d4b958aa-12c6-4b35-bf49-81ed0cd06e8a",
        "name": "Exemplars03 Span ID",
        "description": "",
        "position": 24
      }
    ]
  }
]