[
  {
    "baseType": 3,
    "name": "Event Type",
    "defaultValue": "",
    "description": "",
    "helpText": "",
    "isSystem": false,
    "minLength": 0,
    "maxLength": 200,
    "validationRegex": "",
    "isValidate": false,
    "uuid": "8de61f87-9169-49a1-ba54-05dbb4216e58"
  },
  {
    "baseType": 3,
    "name": "Exemplar01 End",
    "defaultValue": "",
    "description": "",
    "helpText": "",
    "isSystem": false,
    "minLength": 0,
    "maxLength": 50,
    "validationRegex": "",
    "isValidate": false,
    "uuid": "108155b5-d234-43e1-a7a3-56e373e20da2"
  },
  {
    "baseType": 3,
    "name": "Exemplar01 Link",
    "defaultValue": "",
    "description": "",
    "helpText": "",
    "isSystem": false,
    "minLength": 0,
    "maxLength": 200,
    "validationRegex": "",
    "isValidate": false,
    "uuid": "391bc546-8d0b-448d-826c-470766b329a1"
  },
  {
    "baseType": 3,
    "name": "Exemplar01 Span ID",
    "defaultValue": "",
    "description": "",
    "helpText": "",
    "isSystem": false,
    "minLength": 0,
    "maxLength": 50,
    "validationRegex": "",
    "isValidate": false,
    "uuid": "af996ea9-eddf-44e1-9c5c-4d029948a9fd"
  },
  {
    "baseType": 3,
    "name": "Exemplar01 Start",
    "defaultValue": "",
    "description": "",
    "helpText": "",
    "isSystem": false,
    "minLength": 0,
    "maxLength": 50,
    "validationRegex": "",
    "isValidate": false,
    "uuid": "565af846-0ab1-4aae-8aea-44d3b7bc38d9"
  },
  {
    "baseType": 3,
    "name": "Exemplar02 End",
    "defaultValue": "",
    "description": "",
    "helpText": "",
    "isSystem": false,
    "minLength": 0,
    "maxLength": 50,
    "validationRegex": "",
    "isValidate": false,
    "uuid": "04d1a5b6-70a6-4161-b6b3-c9ed700dde9b"
  },
  {
    "baseType": 3,
    "name": "Exemplar02 Link",
    "defaultValue": "",
    "description": "",
    "helpText": "",
    "isSystem": false,
    "minLength": 0,
    "maxLength": 200,
    "validationRegex": "",
    "isValidate": false,
    "uuid": "567d6987-1028-44ca-ae19-5ab912a11c33"
  },
  {
    "baseType": 3,
    "name": "Exemplar02 Span ID",
    "defaultValue": "",
    "description": "",
    "helpText": "",
    "isSystem": false,
    "minLength": 0,
    "maxLength": 50,
    "validationRegex": "",
    "isValidate": false,
    "uuid": "f736c699-0819-4178-8450-87ee0d5f212a"
  },
  {
    "baseType": 3,
    "name": "Exemplar02 Start",
    "defaultValue": "",
    "description": "",
    "helpText": "",
    "isSystem": false,
    "minLength": 0,
    "maxLength": 50,
    "validationRegex": "",
    "isValidate": false,
    "uuid": "33b9f2e9-3d3a-4dd2-8de6-1ec229df3425"
  },
  {
    "baseType": 3,
    "name": "Exemplar03 End",
    "defaultValue": "",
    "description": "",
    "helpText": "",
    "isSystem": false,
    "minLength": 0,
    "maxLength": 50,
    "validationRegex": "",
    "isValidate": false,
    "uuid": "f237b397-1554-4a0a-8034-ce628603e60f"
  },
  {
    "baseType": 3,
    "name": "Exemplar03 Link",
    "defaultValue": "",
    "description": "",
    "helpText": "",
    "isSystem": false,
    "minLength": 0,
    "maxLength": 200,
    "validationRegex": "",
    "isValidate": false,
    "uuid": "a8f1f439-110f-4959-bace-7fc0553984b2"
  },
  {
    "baseType": 3,
    "name": "Exemplar03 Span ID",
    "defaultValue": "",
    "description": "",
    "helpText": "",
    "isSystem": false,
    "minLength": 0,
    "maxLength": 50,
    "validationRegex": "",
    "isValidate": false,
    "uuid": "589e6cea-8edc-40b8-915f-71fe6bd72912"
  },
  {
    "baseType": 3,
    "name": "Exemplar03 Start",
    "defaultValue": "",
    "description": "",
    "helpText": "",
    "isSystem": false,
    "minLength": 0,
    "maxLength": 50,
    "validationRegex": "",
    "isValidate": false,
    "uuid": "1f038548-65be-4f45-a954-d22e9f19c65f"
  },
  {
    "baseType": 3,
    "name": "Expression",
    "defaultValue": "",
    "description": "",
    "helpText": "",
    "isSystem": false,
    "minLength": 0,
    "maxLength": 2000,
    "validationRegex": "",
    "isValidate": false,
    "uuid": "05a05a9c-9fc3-4f84-abd4-862ea91ec3f7"
  },
  {
    "baseType": 3,
    "name": "Group",
    "defaultValue": "",
    "description": "",
    "helpText": "",
    "isSystem": false,
    "minLength": 0,
    "maxLength": 100,
    "validationRegex": "",
    "isValidate": false,
    "uuid": "0b1cec2d-7ac0-4b5c-bdde-c1126d805ebf"
  },
  {
    "baseType": 3,
    "name": "Live View URL",
    "defaultValue": "",
    "description": "",
    "helpText": "",
    "isSystem": false,
    "minLength": 0,
    "maxLength": 200,
    "validationRegex": "",
    "isValidate": false,
    "uuid": "1635380f-6d32-425e-92b3-f03e619a2509"
  },
  {
    "baseType": 3,
    "name": "Project",
    "defaultValue": "",
    "description": "",
    "helpText": "",
    "isSystem": false,
    "minLength": 0,
    "maxLength": 100,
    "validationRegex": "",
    "isValidate": false,
    "uuid": "3e9f8072-b0c8-4239-a15f-91f49197c45f"
  },
  {
    "baseType": 3,
    "name": "Saved Search Text",
    "defaultValue": "",
    "description": "",
    "helpText": "",
    "isSystem": false,
    "minLength": 0,
    "maxLength": 100,
    "validationRegex": "",
    "isValidate": false,
    "uuid": "dfa7d290-b96b-445d-9de1-84fc5f927152"
  },
  {
    "baseType": 3,
    "name": "Saved Search URL",
    "defaultValue": "",
    "description": "",
    "helpText": "",
    "isSystem": false,
    "minLength": 0,
    "maxLength": 200,
    "validationRegex": "",
    "isValidate": false,
    "uuid": "c3dc7399-2c8b-41da-bd21-9f71a2dd746d"
  },
  {
    "baseType": 3,
    "name": "Severity",
    "defaultValue": "",
    "description": "",
    "helpText": "",
    "isSystem": false,
    "minLength": 0,
    "maxLength": 30,
    "validationRegex": "",
    "isValidate": false,
    "uuid": "a09636ee-1e5d-447a-a31d-50dce8830d86"
  },
  {
    "baseType": 3,
    "name": "Timestamp",
    "defaultValue": "",
    "description": "",
    "helpText": "",
    "isSystem": false,
    "minLength": 0,
    "maxLength": 50,
    "validationRegex": "",
    "isValidate": false,
    "uuid": "a6c02d64-0747-4779-8526-e46d0ae38828"
  },
  {
    "baseType": 3,
    "name": "Title",
    "defaultValue": "",
    "description": "",
    "helpText": "",
    "isSystem": false,
    "minLength": 0,
    "maxLength": 200,
    "validationRegex": "",
    "isValidate": false,
    "uuid": "0f3f0dab-0a78-4ee7-8604-ef4920b73473"
  },
  {
    "baseType": 3,
    "name": "Trigger Type",
    "defaultValue": "",
    "description": "",
    "helpText": "",
    "isSystem": false,
    "minLength": 0,
    "maxLength": 100,
    "validationRegex": "",
    "isValidate": false,
    "uuid": "fd732c8a-780b-46e7-9b20-bcfcb93aa866"
  },
  {
    "baseType": 3,
    "name": "Trigger Value",
    "defaultValue": "",
    "description": "",
    "helpText": "",
    "isSystem": false,
    "minLength": 0,
    "maxLength": 200,
    "validationRegex": "",
    "isValidate": false,
    "uuid": "8da64431-f914-48bb-97ff-1f7230df5aca"
  }
]