{
  "name": "Lightstep Alert Workflow",
  "form": "2291e701-f3aa-4320-98cd-745c861729cf",
  "blocks": [
    {
      "id": "c60fb522-4199-4eda-b7b6-cc2558883b7e",
      "label": "Lightstep Flow Trigger",
      "presentation": "{\"w\":60,\"x\":0,\"h\":60,\"y\":0}",
      "step": "739120ca-d627-4353-b2d3-14c58a06d08b",
      "stepType": "INTEGRATION"
    },
    {
      "id": "3ab04e0b-77df-4dd1-9ea7-196e21efacab",
      "label": "xMatters Create Event - Lightstep Alert",
      "presentation": "{\"w\":60,\"x\":170,\"h\":60,\"y\":0}",
      "step": "2291e701-f3aa-4320-98cd-745c861729cf",
      "stepType": "CREATE_EVENT",
      "inputMappings": [
        {
          "inputPort": "input",
          "mapping": "${c60fb522-4199-4eda-b7b6-cc2558883b7e.Exemplars01 URL}",
          "sectionItemKey": "391bc546-8d0b-448d-826c-470766b329a1"
        },
        {
          "inputPort": "input",
          "mapping": "${c60fb522-4199-4eda-b7b6-cc2558883b7e.Exemplars03 Span ID}",
          "sectionItemKey": "589e6cea-8edc-40b8-915f-71fe6bd72912"
        },
        {
          "inputPort": "input",
          "mapping": "${c60fb522-4199-4eda-b7b6-cc2558883b7e.Project}",
          "sectionItemKey": "3e9f8072-b0c8-4239-a15f-91f49197c45f"
        },
        {
          "inputPort": "input",
          "mapping": "${c60fb522-4199-4eda-b7b6-cc2558883b7e.Exemplars01 Span ID}",
          "sectionItemKey": "af996ea9-eddf-44e1-9c5c-4d029948a9fd"
        },
        {
          "inputPort": "input",
          "mapping": "${c60fb522-4199-4eda-b7b6-cc2558883b7e.Exemplars03 End}",
          "sectionItemKey": "f237b397-1554-4a0a-8034-ce628603e60f"
        },
        {
          "inputPort": "input",
          "mapping": "${c60fb522-4199-4eda-b7b6-cc2558883b7e.Exemplars01 Start}",
          "sectionItemKey": "565af846-0ab1-4aae-8aea-44d3b7bc38d9"
        },
        {
          "inputPort": "input",
          "mapping": "${c60fb522-4199-4eda-b7b6-cc2558883b7e.Live View URL}",
          "sectionItemKey": "1635380f-6d32-425e-92b3-f03e619a2509"
        },
        {
          "inputPort": "input",
          "mapping": "${c60fb522-4199-4eda-b7b6-cc2558883b7e.Exemplars02 Span ID}",
          "sectionItemKey": "f736c699-0819-4178-8450-87ee0d5f212a"
        },
        {
          "inputPort": "input",
          "mapping": "${c60fb522-4199-4eda-b7b6-cc2558883b7e.Expression}",
          "sectionItemKey": "05a05a9c-9fc3-4f84-abd4-862ea91ec3f7"
        },
        {
          "inputPort": "input",
          "mapping": "${c60fb522-4199-4eda-b7b6-cc2558883b7e.Exemplars03 Start}",
          "sectionItemKey": "1f038548-65be-4f45-a954-d22e9f19c65f"
        },
        {
          "inputPort": "input",
          "mapping": "${c60fb522-4199-4eda-b7b6-cc2558883b7e.Saved Search URL}",
          "sectionItemKey": "c3dc7399-2c8b-41da-bd21-9f71a2dd746d"
        },
        {
          "inputPort": "input",
          "mapping": "${c60fb522-4199-4eda-b7b6-cc2558883b7e.Trigger Value}",
          "sectionItemKey": "8da64431-f914-48bb-97ff-1f7230df5aca"
        },
        {
          "inputPort": "input",
          "mapping": "${c60fb522-4199-4eda-b7b6-cc2558883b7e.Exemplars02 Start}",
          "sectionItemKey": "33b9f2e9-3d3a-4dd2-8de6-1ec229df3425"
        },
        {
          "inputPort": "input",
          "mapping": "${c60fb522-4199-4eda-b7b6-cc2558883b7e.Trigger Type}",
          "sectionItemKey": "fd732c8a-780b-46e7-9b20-bcfcb93aa866"
        },
        {
          "inputPort": "input",
          "mapping": "${c60fb522-4199-4eda-b7b6-cc2558883b7e.Group}",
          "sectionItemKey": "recipients"
        },
        {
          "inputPort": "input",
          "mapping": "${c60fb522-4199-4eda-b7b6-cc2558883b7e.Exemplars02 End}",
          "sectionItemKey": "04d1a5b6-70a6-4161-b6b3-c9ed700dde9b"
        },
        {
          "inputPort": "input",
          "mapping": "${c60fb522-4199-4eda-b7b6-cc2558883b7e.Title}",
          "sectionItemKey": "0f3f0dab-0a78-4ee7-8604-ef4920b73473"
        },
        {
          "inputPort": "input",
          "mapping": "${c60fb522-4199-4eda-b7b6-cc2558883b7e.Timestamp}",
          "sectionItemKey": "a6c02d64-0747-4779-8526-e46d0ae38828"
        },
        {
          "inputPort": "input",
          "mapping": "${c60fb522-4199-4eda-b7b6-cc2558883b7e.Exemplars02 URL}",
          "sectionItemKey": "567d6987-1028-44ca-ae19-5ab912a11c33"
        },
        {
          "inputPort": "input",
          "mapping": "${c60fb522-4199-4eda-b7b6-cc2558883b7e.Exemplars01 End}",
          "sectionItemKey": "108155b5-d234-43e1-a7a3-56e373e20da2"
        },
        {
          "inputPort": "input",
          "mapping": "${c60fb522-4199-4eda-b7b6-cc2558883b7e.Exemplars03 URL}",
          "sectionItemKey": "a8f1f439-110f-4959-bace-7fc0553984b2"
        },
        {
          "inputPort": "input",
          "mapping": "${c60fb522-4199-4eda-b7b6-cc2558883b7e.Group}",
          "sectionItemKey": "0b1cec2d-7ac0-4b5c-bdde-c1126d805ebf"
        },
        {
          "inputPort": "input",
          "mapping": "${c60fb522-4199-4eda-b7b6-cc2558883b7e.Event Type}",
          "sectionItemKey": "8de61f87-9169-49a1-ba54-05dbb4216e58"
        },
        {
          "inputPort": "input",
          "mapping": "${c60fb522-4199-4eda-b7b6-cc2558883b7e.Saved Search Text}",
          "sectionItemKey": "dfa7d290-b96b-445d-9de1-84fc5f927152"
        }
      ]
    }
  ],
  "edges": [
    {
      "fromBlock": "c60fb522-4199-4eda-b7b6-cc2558883b7e",
      "fromPort": "output",
      "toBlock": "3ab04e0b-77df-4dd1-9ea7-196e21efacab",
      "toPort": "input"
    }
  ]
}