{
  "name": "Lightstep Alert Workflow",
  "form": "2291e701-f3aa-4320-98cd-745c861729cf",
  "blocks": [
    {
      "id": "c60fb522-4199-4eda-b7b6-cc2558883b7e",
      "label": "Lightstep Alert - Lightstep",
      "presentation": "{\"w\":60,\"x\":0,\"h\":60,\"y\":0}",
      "step": "739120ca-d627-4353-b2d3-14c58a06d08b",
      "stepType": "INTEGRATION"
    },
    {
      "id": "3ab04e0b-77df-4dd1-9ea7-196e21efacab",
      "label": "xMatters Create Event - Lightstep Alert",
      "presentation": "{\"w\":60,\"x\":170,\"h\":60,\"y\":0}",
      "step": "2291e701-f3aa-4320-98cd-745c861729cf",
      "stepType": "CREATE_EVENT"
    }
  ],
  "edges": [
    {
      "fromBlock": "c60fb522-4199-4eda-b7b6-cc2558883b7e",
      "fromPort": "output",
      "toBlock": "3ab04e0b-77df-4dd1-9ea7-196e21efacab",
      "toPort": "input"
    }
  ]
}